{"cameraMode":{"drawMode":0,"name":"Shaded","section":"Shading Mode"},"sceneLighting":false,"audioPlay":false,"sceneViewState":{"showFog":true,"showMaterialUpdate":false,"showSkybox":true,"showFlares":true,"showImageEffects":true,"showParticleSystems":true},"in2DMode":false,"pivot":{"x":0.01503133773803711,"y":-0.5439186096191406,"z":0.06239509582519531},"rotation":{"x":-0.09716629981994629,"y":-0.345628947019577,"z":0.03600790724158287,"w":-0.9326322078704834},"size":11.638882637023926,"orthographic":false}