{"cameraMode":{"drawMode":0,"name":"Shaded","section":"Shading Mode"},"sceneLighting":true,"audioPlay":false,"sceneViewState":{"showFog":true,"showMaterialUpdate":false,"showSkybox":true,"showFlares":true,"showImageEffects":true,"showParticleSystems":true},"in2DMode":false,"pivot":{"x":-2.6996841430664064,"y":2.5530591011047365,"z":19.318603515625},"rotation":{"x":0.12672875821590424,"y":-0.5132741928100586,"z":0.07695136964321137,"w":0.8453271389007568},"size":120.03016662597656,"orthographic":false}