{"cameraMode":{"drawMode":0,"name":"Shaded","section":"Shading Mode"},"sceneLighting":true,"audioPlay":false,"sceneViewState":{"showFog":true,"showMaterialUpdate":false,"showSkybox":true,"showFlares":true,"showImageEffects":true,"showParticleSystems":true},"in2DMode":false,"pivot":{"x":0.3162217140197754,"y":6.058791160583496,"z":0.5453691482543945},"rotation":{"x":0.09539221972227097,"y":0.09749369323253632,"z":-0.009386018849909306,"w":0.9906095266342163},"size":13.333487510681153,"orthographic":false}