{"cameraMode":{"drawMode":0,"name":"Shaded","section":"Shading Mode"},"sceneLighting":true,"audioPlay":false,"sceneViewState":{"showFog":true,"showMaterialUpdate":false,"showSkybox":true,"showFlares":true,"showImageEffects":true,"showParticleSystems":true},"in2DMode":false,"pivot":{"x":427.0028381347656,"y":279.3554992675781,"z":-13.51568603515625},"rotation":{"x":-0.016807813197374345,"y":0.009595032781362534,"z":-0.00016106101975310594,"w":-0.999812662601471},"size":782.0032348632813,"orthographic":false}