{"cameraMode":{"drawMode":0,"name":"Shaded","section":"Shading Mode"},"sceneLighting":false,"audioPlay":false,"sceneViewState":{"showFog":true,"showMaterialUpdate":false,"showSkybox":true,"showFlares":true,"showImageEffects":true,"showParticleSystems":true},"in2DMode":false,"pivot":{"x":-1.454246163368225,"y":0.8105295300483704,"z":8.98500919342041},"rotation":{"x":-0.17054300010204316,"y":0.12584328651428224,"z":-0.021967006847262384,"w":-0.9770342707633972},"size":18.056528091430665,"orthographic":false}