{"cameraMode":{"drawMode":0,"name":"Shaded","section":"Shading Mode"},"sceneLighting":true,"audioPlay":false,"sceneViewState":{"showFog":true,"showMaterialUpdate":false,"showSkybox":true,"showFlares":true,"showImageEffects":true,"showParticleSystems":true},"in2DMode":false,"pivot":{"x":-1.70660400390625,"y":-33.45227813720703,"z":93.56874084472656},"rotation":{"x":-0.1103985607624054,"y":0.2497308999300003,"z":-0.028671760112047197,"w":-0.9615740776062012},"size":315.0737609863281,"orthographic":false}