{"cameraMode":{"drawMode":0,"name":"Shaded","section":"Shading Mode"},"sceneLighting":true,"audioPlay":false,"sceneViewState":{"showFog":true,"showMaterialUpdate":false,"showSkybox":true,"showFlares":true,"showImageEffects":true,"showParticleSystems":true},"in2DMode":false,"pivot":{"x":0.23765504360198975,"y":4.903583526611328,"z":-2.0752077102661135},"rotation":{"x":-0.012281662784516812,"y":-0.06684811413288117,"z":0.000825757859274745,"w":-0.9976872205734253},"size":8.471941947937012,"orthographic":false}